,name,popularity
0,Bejoy Nambiar,0.6
1,Anjali Nair,2.744
2,Kartik R. Iyer,0.6
3,Lior Chefetz,0.6
4,Joe Swanson,0.98
5,Devon Rose,
6,Yue Song,3.038
7,Ku Xing-Zhe,
8,Dirk Blackman,0.785
9,Duncan Kennedy,1.935
10,Donna Powers,1.4
11,Guang Cheng,1.38
12,Ge Wu,0.6
13,Hemanth Seervi,
14,Won-sub Choi,
15,Jung-Ryeol Sin,
16,Mavrick Vo,1.052
17,Adam Egypt Mortimer,1.4
18,Luke Passmore,0.6
19,Rui Constantino,0.6
20,Sandra Ramirez,0.6
21,Fito Rivera,0.6
22,Valeska Rivera,
23,Steve Hasse,0.6
24,Jason Hiaeshutter,
25,W Lee Wray,
26,Jake Allyn,3.276
27,David Barraza,0.6
28,Sanjay Prajapati,
29,Satish Vegesna,0.6
30,Tony Watt,1.4
31,Il Cho,0.6
32,Matt Naylor,0.6
33,Bahaish Kapoor,0.6
34,Yash Thakur,
35,Christopher Nolan,12.965
36,CJ Walley,
37,Darius Westmoreland,
38,Deloris Westmoreland,
39,Chris O'Neill,0.6
40,Omobolaji Ogungbe,
41,Spencer T. Folmar,0.6
42,Yomi Alvin,0.6
43,Charles Granville,0.6
44,Tsukasa Inaba,0.6
45,Georgina Okoko Edime,
46,Girish Malik,0.6
47,Bharti Jakhar,0.6
48,Humayoon Shams Khan,0.6
49,James Balsamo,0.986
50,Michael Day,0.84
51,Jayesh Mynagappally,1.4
52,Shaji Pattikkara,
53,Zouzhao Cui,0.6
54,Akash Pathak,
55,Atish Tripathi,0.6
56,Hussain Ahmad,0.6
57,Enkhbayar Dambasuren,
58,Tavanbayar Lkhagva,
59,Hiroyuki Machino,0.6
60,Wu Junping,0.6
61,Moussa Fany Traore,
62,Michael Caissie,0.6
63,Rigoberto Castañeda,2.744
64,Hossam Mousa,0.6
65,Kabilan Plondran,3.034
66,Robert Orr,1.533
67,Kel Thompson,0.6
68,Nicholas Joseph Cunha,0.694
69,Valeri Lilov,0.6
70,Benjamin Hobbs,
71,Felix Sumner,
72,Andrew Varghees,
73,Alok Thaker,
74,Yuvaraj Subramani,0.6
75,John Gabito Angel,0.6
76,Jorge Luis Villacorta Santamato,
77,Vincent J. Roth,0.6
78,Ronechia Poole-Daley,
79,Hamza Abdullah,
80,Anders Thomas Jensen,5.664
81,Nikolaj Arcel,2.637
82,Herman Yau,3.272
83,Erica Li,1.4
84,Eric Lee,1.4
85,Dan Sinclair,0.6
86,Hank Braxtan,1.298
87,Arielle Brachfeld,1.534
88,Penny Gibben,2.744
89,Christine Fry,0.6
90,Omer Sarikaya,
91,Sung-Hyun Shin,
92,Paul Dini,3.731
93,Bill Finger,8.459
94,Bob Kane,10.642
95,Briston George,
96,Wu Qiong,0.6
97,Thabiso Christopher,
98,Dimitri Logothetis,0.74
99,Jim McGrath,1.22
100,Anbarasan,0.6
101,Doug Wolfe,1.38
102,Jed Elinoff,1.334
103,Scott Thomas,16.673
104,Savage Steve Holland,8.132
105,Etsuo Hiratani,0.6
106,Jeff Wadlow,2.708
107,Eric Heisserer,2.775
108,Kevin VanHook,1.214
109,Kaan Karaca,3.147
110,Inder Sohi,
111,Vijay Anand,0.6
112,Tarek Boudali,8.732
113,Pierre Dudan,0.6
114,Grégory Boutboul,0.6
115,Benjamin Ruffet,0.6
116,Mingyuan Zhang,0.6
117,Steve Allrich,1.534
118,Mark Williams,10.394
119,Tony Semanik,0.6
120,Oleg Malovichko,1.176
121,Andrey Zolotarev,1.4
122,Stanley Tong,6.259
123,Tiffany Alycia Tong,
124,Ronnie Tyrone Lee,0.6
125,Saeid Malekan,3.623
126,Bahram Tavakoli,0.6
127,Masoud Tosifyan,
128,Jerry Liau,1.96
129,Prashast Singh,1.4
130,David Jon Foster,0.6
131,Anton Damgaard,
132,Kasper Wilche-Lise,
133,Jeremy Adams,1.491
134,Ed Boon,3.13
135,John Tobias,3.086
136,Pushpdeep Bhardwaj,0.6
137,Mahesh Bhatt,2.785
138,Suhrita Sengupta,0.98
139,Ashley Hays Wright,0.6
140,David Owen Wright,0.6
141,Scout Wright,0.6
142,Hong-Seung Yoon,0.6
143,Ricky Espinosa,
144,Julian Rhodes,
145,Richard Lowry,2.192
146,Ian Krahn,
147,Wyatt Pearce,
148,Geoff Meed,3.069
149,Jonah Malak,0.652
150,Akane Shimizu,0.6
151,Yuko Kakihara,2.744
152,Richard Ryan,2.164
153,Dylan Buell,
154,Dylan Hughes,0.6
155,Julianna Langston,
156,Steve Rahaman,0.6
157,Wanly Florexile,0.6
158,Jesse Quinones,0.766
159,Jegan Rajshekar,0.6
160,Rachel Smith,0.6
161,Paddy Duffy,
162,John H. Liu (Writer),
163,Scott Hester,0.6
164,Rohit Dey,0.6
165,Soumya Nandy,0.6
166,R.S. Durai Senthilkumar,
167,Naruhisa Arakawa,2.911
168,Junko Komura,1.751
169,Mark Atkins,1.4
170,Andrea Ruth,0.6
171,Dan Stewart,1.4
172,S. Tynsong,
173,Medhat El Adl,1.127
174,Kristin Alexandre,0.6
175,A. Wayne Carter,0.6
176,Richard L. Gamboa,
177,Latavious Flournoy,0.6
178,Daniel Lambo,0.6
179,B. Shiva Kumar,0.98
180,Christopher Steinberger,
181,Abrid Shine,1.214
182,Leo Sullivan,1.932
183,Alex Zito,2.916
184,Fernando Araujo,0.6
185,Raymelle A. Adams,0.6
186,Chris Hampshire,
187,Robert Rodriguez,7.958
188,Sara Endsley,0.6
189,Dan Foos,0.6
190,Shane Mack,0.6
191,Peque Gallaga,1.346
192,Lore Reyes,0.6
193,Rod Marmol,1.96
194,Marquis Moore,
195,Scott McGuire,0.6
196,Conor Brett,0.6
197,Brittany Wiscombe,3.152
198,Jackson Mulkey,
199,Jesse Herrera (story),
200,Mark Famiglietti,3.336
201,Lane Garrison,10.135
202,Scott C. Newman,0.6
203,Ross Boyask,0.6
204,Yoshihiro Nishimura,4.308
205,Dan Brookman,
206,Mary Brookman,
207,Bernard Sharpe,0.6
208,Billings Siwila,0.6
209,Yuenian Su,0.6
210,Chris Sparling,2.093
211,Chuck Hustmyre,0.6
212,Richard Faria,
213,Ken Lo,10.864
214,K. Raghavendra Rao,0.84
215,Akshay Poolla,0.6
216,Benny Barbash,0.6
217,Uzi Weil,0.6
218,Zachariah Shanahan,
219,Farhad Samji,3.438
220,Lawrence Raghavendra,2.744
221,Sparsh Khetarpal,0.98
222,Li Rou,2.785
223,Fengping Zhou,0.6
224,Corey Fischer,1.4
225,Benjamin Galland,0.6
226,Donna Laemmlen,0.6
227,Isabel Bassett,5.792
228,M.J. Bassett,4.923
229,Mark Middlewick,0.6
230,Read MacGuirtose,0.6
231,Alex Rodzinek,
232,Andrei Sporea,
233,Tolin Eddy,
234,Brad Bode,0.6
235,Fuad C'Amanero,0.6
236,Hector Echavarria,1.108
237,Matthew Baker (screenplay by),
238,Hamish Clarke (story by),
239,Jamie Jarvis (screenplay by),
240,Edward Tracey (story by),
241,Martin Walker (characters),
242,Michiko Jimenez,0.6
243,Kai Lanette,0.6
244,Scot Morrison,0.6
245,Trivikram Srinivas,0.84
246,Jorge Dahlhaus,
247,John Michael Hightower Jr.,
248,Yoshiyuki Tomino,5.121
249,Anurag Kashyap,0.955
250,Vikramaditya Motwane,1.876
251,Avinash Sampath,0.6
252,Floyd Webb,0.6
253,Camden Welker,
254,Irie Welker,
255,J. Matthew Welker,0.6
256,Kevin E. Moore,0.6
257,J. Shawn Harris,0.6
258,Atsuki Tomori,1.698
259,James Kermack,2.744
260,Thijs Meuwese,0.6
261,Kris Patmo,0.6
262,Pat Casey,0.6
263,Josh Miller,1.455
264,Daphne Bonner,0.6
265,Tyler Bonner,
266,David Galán Galindo,2.141
267,Fernando Navarro,1.29
268,Shaarath Vihari,0.6
269,Mitch Chamberlain,0.6
270,Matthew Carter,0.98
271,Lorrisa Julianus,1.646
272,Junko Komura,1.751
273,Theo Cane Garvey,0.6
274,Max Landis,5.859
275,Roseanne Liang,0.652
276,Samtu Palouki,
277,Bingjia Yang,0.6
278,Sachy,0.6
279,Raines Castle (head writer),
280,Raines Castle (story),
281,Stephan Engelhardt,
282,Jos van der Molen,
283,Vincent Paronnaud,2.744
284,Léa Pernollet,1.96
285,Stephen Shields,0.6
286,Spld Mass George Samuels,
287,Plain Ole George,
288,Ben,18.249
289,ObliviousHD,
290,Starwarsstudio100,
291,Mark Burnell,0.6
292,Larry Wright,0.6
293,Ukyô Kodachi,1.4
294,Kinoko Nasu,2.797
295,Chûji Mikasano,0.6
296,Yoshihiro Togashi,4.889
297,Omer Inal,0.6
298,Ozkan Kucuk,0.6
299,James McGrath,4.13
300,Sam Logan Khaleghi,0.6
301,Aaron Russman,1.4
302,J.M. DeMatteis,1.242
303,Ghaz Abu Bakar,2.146
304,Logan McDonald,0.6
305,Yuehua Wang,0.6
306,Luke Sparke,3.164
307,Dale Dye,2.964
308,Felix Williamson,2.744
309,Ruckus Skye,0.6
310,Lane Skye,0.6
311,Nick Morris,1.467
312,Paul W.S. Anderson,9.193
313,Kaname Fujioka,
314,Alex Heerman,0.6
315,BenTinEz,
316,Jaime Marques,1.387
317,Cristian Conti,0.884
318,Manuel Martín,3.063
319,Curtis Everitt,0.6
320,Callan Durlik,0.6
321,Enrico Torino,0.6
322,Alan Delabie,0.98
323,Rocky Her,0.6
324,Sakee Xiong (story editor),
325,Cory M. Miller,0.6
326,Rijesh Bhaskar,0.98
327,Tom Smith,0.75
328,Christopher Grøndahl,0.996
329,Kjetil Indregard,1.62
330,Kristen Danielle,0.6
331,Brigham McNeely,0.6
332,Amardeep Singh Gill,0.98
333,Josh Boone,4.861
334,Knate Lee,0.6
335,Kevin Bernhardt,2.188
336,Jason Miller,1.653
337,Seth Savoy,0.6
338,Robbie Lopez,0.6
339,Bat-Amgalan Lkhagvajav,
340,Emujin Rinchindorj,
341,Satoshi Tajiri,2.744
342,Atsuhiro Tomioka,3.503
343,Tetsuo Yajima,2.255
344,Nobuhiro Mouri,6.198
345,Hu Guan,1.38
346,Rui Ge,0.6
347,Kun Hu,0.6
348,Brian Ulrich,1.566
349,Hans Rodionoff,1.159
350,Akiyoshi Hongo,1.442
351,Jeff Nimoy,0.694
352,Akatsuki Yamatoya,1.854
353,David D. Jones,1.214
354,Alastair Orr,1.38
355,Carl Ellsworth,1.185
356,Alvondo Vinson,0.6
357,Douglas Attal,0.6
358,Melisa Godet,0.6
359,Charlotte Sanson,0.6
360,Barry Gaines,0.6
361,Joseph Sayer,0.6
362,Marlon 'MJ' Jones,
363,Sailesh Kolanu,0.6
364,Yufeng Jiao,
365,Hu Guan,1.38
366,Rui Ge,0.6
367,Ningyu Zhao,0.6
368,C Christian Andersen,2.363
369,Michelle Tipton,
370,Twinkle Agarwal,
371,Anamta-Amaan,
372,Yash eshwari Francis,
373,Anna Rezan (created by),
374,Peyman Ghassemkhani,2.744
375,Mattson Tomlin,2.06
376,Greg Halster,
377,Lin Jian-Feng,
378,Muye Zhang,1.62
379,Joe Roche,1.96
380,Enrico Natale,1.473
381,Luke Boatfield,
382,Bash Dinsmore,
383,Alexander Mason,3.154
384,Samantha Iwowo,0.6
385,Nyaradzo Mutsauri,0.6
386,Nyaradzo Mutsauri,0.6
387,Edward Payson,0.652
388,Addie Anthony,
389,"Carlos ""Los2k6"" Smith II",
390,Louis Robinson,0.6
391,John Jay Wylie,
392,Yang Mo,0.6
393,Rick Jaffa,6.576
394,Amanda Silver,6.287
395,Lauren Hynek,0.652
396,Mike Ford,0.6
397,David Giancola,1.4
398,Victor Riera,
399,Sebastià Rubí,0.6
400,Toni Sansó,0.6
401,Bong-han Kim,
402,Teruyoshi Ishii,1.632
403,Ji Lin,0.6
404,Dzhanik Fayziev,2.687
405,Twister Murchison,1.4
406,Drew Row,0.6
407,Nikhil Mehrotra,0.6
408,Sharan Sharma,0.6
409,Hussain Dalal,0.98
410,Charles Townsend,0.6
411,Nadav Avny,
412,Yoni Segal,
413,Chad Bruns,0.6
414,Zane Hershberger,0.6
415,Maasthi Upparahalli,0.6
416,Jatinder Lall,1.4
417,Chris Roland,0.6
418,Maradona Dias Dos Santos,0.6
419,Audrey Diwan,2.274
420,Cédric Jimenez,1.332
421,Yuhua Feng,
422,Meiru Lin,0.6
423,Fraser Precious,0.6
424,Bong Bot Binh,0.84
425,Vo Thanh Hoa,0.6
426,Thu Trang,1.176
427,Sajid Nadiadwala,1.578
428,Farhad Samji,3.438
429,Sparsh Khetarpal,0.98
430,Jabin Rodriguez,
431,Barry Massoni,0.84
432,Rene Perez,0.706
433,Chalamaji,
434,Stefan Müller,0.6
435,Dai Satô,2.901
436,Tsukasa Kondo,1.4
437,Laeta Kalogridis,3.396
438,Jae-Hoon Choi,
439,Kun Huang,0.6
440,Zhaosheng Huang,2.188
441,Axel-Guillaume Eloa,
442,David Kirkman,0.6
443,Joshua Sykes,
444,Giles Alderson,2.329
445,Simon Cotton,1.185
446,Jonny Grant,0.6
447,Jason Chilton,0.6
448,Obie Scott Wade,0.6
449,Branden Bierbaum,
450,A. Kadir Bozkurt,
451,Yaroslav Yarish,0.6
452,Shuang Guo,0.6
453,Adriano Barone,0.6
454,Enrico De Palo,0.6
455,Aneesh Hameed,0.98
456,Bibin Mohan,0.6
457,Craig Greager,
458,Britt Sheflin,
459,Taheim Bryan,0.6
460,Nikolay Kulikov,1.571
461,Konstantin Mayer,1.473
462,Alexey Nuzhny,1.314
463,Geoff Hart,0.6
464,Jesse D. Ikeman,1.4
465,Al Kratina,1.336
466,Moazzam Khan,0.6
467,Redhu Krishnan,
468,Dheran,1.129
469,Wych Kaosayananda,0.804
470,Steve Poirier,0.6
471,Scott Bindley,1.788
472,John Requa,3.223
473,Glenn Ficarra,4.371
474,Santhanamoorthy,0.694
475,Michael Fredianelli,2.001
476,Steve Moon,0.6
477,Koyoharu Gotouge,2.093
478,Duo-Duo,0.6
479,Huiyan Li,0.6
480,Jianan Ran,0.6
481,Jim Abrahams,6.581
482,Mike Mozart,
483,David Zucker,9.463
484,Mark Atkins,1.4
485,Marc Gottlieb,0.828
486,Trevor Payer,0.694
487,Graham Abraham,0.6
488,Julie DeStefano,
489,Benjamin Johnson,0.6
490,Brandon Slagle,1.564
491,Michael Mahal,0.6
492,Sonny Mahal,1.4
493,Sang-ho Yeon,
494,Ryu Yong-jae,2.744
495,Bobbe Crouch,
496,Chuck Wagner,4.153
497,Marc Outbreak,0.6
498,Erich Hoeber,2.813
499,Jon Hoeber,2.708
500,Bruceshaline,
501,Matt Bilen,0.6
502,Dan Mark,0.6
503,Rachel Tan,0.6
504,Makis Berganos (The writer of the film.),
505,John Argall,0.98
506,Owen Black,1.4
507,Sally Collett,0.66
508,Martin Owen,0.972
509,Yinka Adebayo,
510,Funke Akindele,0.828
511,Collins Okoh,
512,Posuka Demizu,0.6
513,Noriko Gotô,1.4
514,Kaiu Shirai,0.6
515,Charles Dionne,0.6
516,Nicolas Krief,0.6
517,Patrice Laliberté,1.176
518,Chen Xu,0.6
519,Max Culbertson,0.6
520,Daniel Head,0.6
521,Larry E. Jones Jr.,0.6
522,Jennifer Lloyd,0.6
523,Matthew Ninaber,1.96
524,Aaron Tomlin,0.6
525,Luis B. Carranco (screenplay),
526,Angie Chavez (original idea),
527,Adrian Bol,0.729
528,Greg Rucka,3.08
529,Leandro Fernandez,0.6
530,Kamran Bari,
531,Julien Leclercq,3.157
532,Jérémie Guez,0.828
533,Matthieu Serveau,0.6
534,Matthew Ryan Fischer,0.6
535,Asun Mawardi,1.4
536,Anil Ravipudi,0.828
537,Narra Praveen,
538,G. Adi Narayana,
539,Joseph Downey,0.84
540,Hope Bryant,
541,Archie Hekagery,1.4
542,Liu Bayin,3.332
543,J. Bishop (Written by),
544,Ciro Dapagio (Story by),
545,Ciro Dapagio (Written by),
546,Jokes Yanes (Written by),
547,Takaaki Suzuki,1.4
548,Kunihiko Okada,0.828
549,Nazri M. Annuar,0.6
550,Hairul Azreen,2.156
551,Maria Wong,0.6
552,Tan Yuli,0.6
553,Yaqing Zhi,0.694
554,Gianluca Curti,0.6
555,Marco Martani,0.709
556,Luca Poldelmengo,0.6
557,Yûta Takahashi,0.6
558,Evan Combs,
559,Wladyslaw Pasikowski,1.22
560,Roberto Garcia,14.256
561,Antoine M. Dillard (creator),
562,Antoine M. Dillard (screenplay),
563,Antoine M. Dillard (story),
564,Natasha L. Dillard (screenplay),
565,Natasha L. Dillard (story),
566,Kazarr,0.6
567,Siddique,3.842
568,Johnny Walker,1.38
569,Kartik Anand,0.6
570,InsaneFire10,
571,Liam Omc,
572,Bernabé Melendrez,4.784
573,Olaf Olszewski,0.6
574,Patryk Vega,0.84
575,Henning Morales,0.6
576,Wilbert Awdry,0.828
577,Britt Allcroft,1.435
578,Paul Larson,2.09
579,Robert Conway,1.564
580,Joseph Mbah,0.609
581,Robert L. Butler Jr.,0.6
582,Wu Ying,0.6
583,Maurice Jones,3.823
584,Acán Coen,0.6
585,Andrew Foley,0.6
586,David Israel Hernández,0.6
587,Jessica Lee (story by),
588,Adam Canuck Zimmerman (screenplay by),
589,Adam Canuck Zimmerman (story by),
590,Xuan Panger,
591,Anonymous,0.6
592,Swaylee Loughnane,4.698
593,Lee Westwick,0.6
594,Park Hoon-jung,8.085
595,Jamal Blair,
596,Nalyia Simone,
597,Achyut Prashast Singh,1.4
598,V. Nagendra Prasad,0.6
599,Sareta Cheathem,0.6
600,Ronnie Kirk,0.6
601,Frankie Ogar,
602,Karthick Naren,1.388
603,Orlando Divinchy Jones,0.6
604,Dana Killebrew,0.6
605,Belinda M. Wilson (Writer),
606,Mercedes Sierra,
607,Jose David Acevedo,0.6
608,Ricky R.,0.6
609,Chad Luetje,
610,Daniel Zirilli,1.788
611,Johnny Strong,13.348
612,Robert David De Lay,
613,Chris Anastassiades,1.55
614,Teo Chepilov,0.6
615,Hu Li,0.6
616,Justin Lee,1.62
617,Daniel Bruckner,0.6
618,Benjamin Jackendoff,0.6
619,Craig Walser,0.6
620,Wenwen Fan,1.4
621,A. Lee Martinez,0.6
622,Yahe Wang,0.6
623,Hyun-Sang Jang,
624,Li Liang,1.4
625,Li Liang,1.4
626,Li Liang,1.4
627,Bernard Badion,0.6
628,Patricio Ginelsa,0.6
629,Christopher Santiago,0.6
630,Jay Tormohlen,0.6
631,Peter Dexter,1.094
632,Jérémie Guez,0.828
633,Aaron Abrams,5.59
634,Brendan Gall,3.373
635,Martin Gero,1.831
636,Alvin Nygren,
637,Robin Kottonya Södergren,
638,David McKenna,1.4
639,Frank Ragen,
640,Kenya Okubo,0.6
641,Don Michael Paul,7.4
642,Rich Wilkes,23.465
643,Zhao Yida,0.6
644,Xuyang Cai,
645,Kent Flaagan,
646,Robert Laas,
647,Tamer Ibrahim,0.6
648,Ian Nelms,0.84
649,Eshom Nelms,0.84
650,Juanjo Martínez,0.6
651,Jeffrey M. Morris,0.6
652,Roman Perfilyev,0.972
653,Alexandr Melnyk,
654,Mary Ann Barnes,1.4
655,David Dittlinger,0.84
656,Stephen Durham,0.6
657,Yûichi Fukuda,0.84
658,Hiroyuki Nishimori,0.6
659,Ethan Cooper (screenplay),
660,Frank Dello (screenplay),
661,Mikel Guido Dolci (screenplay),
662,Francesco Rota (screenplay),
663,Filippo Santaniello (screenplay),
664,Olivier Marchal,12.112
665,Peter Craig,14.006
666,Joe Carnahan,11.095
667,Chris Bremner,0.753
668,Mixkaela Villalon,0.6
669,Mikhail Red,1.4
670,John Schneider,5.625
671,Larry Postel,1.4
672,Zach Lewis,0.648
673,Jim Mahoney,0.6
674,Anurag Basu,1.176
675,Samrat Chakraborty,0.6
676,Rathina Shiva,0.84
677,Rúben Ferreira,0.6
678,Akhilesh Choudhary,0.6
679,Akhilesh Jaiswal,
680,Mukesh Kumar,0.6
681,John Valley,0.6
682,Ali Abouomar,0.6
683,Saro Varjabedian,0.6
684,Jack Thorne,2.468
685,Nancy Springer,0.6
686,Arthur Conan Doyle,6.064
687,Vicente Amorim,0.84
688,Aurélio Aragão,0.6
689,Gustavo Bragança,0.6
690,Gia Skova,7.071
691,Jingming Guo,0.6
692,Oblansk Higgs,
693,Michel Laub,
694,Arthur Warren,0.6
695,Tony Saddul,0.6
696,André Øvredal,2.582
697,Norman Lesperance,0.6
698,Geoff Bussetil,
699,Aseem Arrora,0.6
700,Aniruddha Guha,0.6
701,Mohit Suri,1.087
702,Jeff Wadlow,2.708
703,Christopher Roach,1.4
704,Jillian Jacobs,1.4
705,Roane Borger,
706,Logan Mcgovern,
707,Timothy Turner,1.576
708,Zain Van Wyk,
709,Vladimir Izmailov,0.6
710,Anton Larin,0.6
711,Stanton Chong,0.6
712,Berlin Lu,0.6
713,Eric Bromberg,0.6
714,James Bromberg,0.6
715,Paul Taegel,0.6
716,Barry Tolli,1.788
717,Robert Wagner,9.973
718,Santi Martín,0.6
719,Jae-geun Yoon,
720,Rumi Jaffery,2.989
721,Farhad Samji,3.438
722,Christopher Jones,2.341
723,Jason F. Holmes,
724,Grzegorz Barlog,
725,Olaf Olszewski,0.6
726,Patryk Vega,0.84
727,Dinesh Parihar,
728,Matt Kwiatkowski (screenplay),
729,Vladimir Esinov,0.6
730,Maurice Sadiche,
731,Franklin Correa,0.6
732,Hajime Isayama,11.84
733,Shika Ogura,
734,Yasuko Kobayashi,2.306
735,Jeff Profitt,0.6
736,A.C. Mughil,
737,Richard A. Buswell,0.6
738,Jonathan Love,1.4
739,Alex Paxton,7.278
740,Janeen Avery,0.6
741,Mark Mendola,0.6
742,Adam R. Steigert,1.38
743,Yan Gao,0.6
744,Sôtarô Hayashi,0.6
745,Takao Nakano,0.6
746,Arkadiusz Borowik,0.6
747,Maciej Dutkiewicz,0.828
748,P. Vasu,1.758
749,BoringKeys,
750,Jackintosh,
751,Dean Platt,
752,Tony Tale,0.6
753,Rene Perez,0.706
754,Jared Yang,
755,Ayman el Refaie (Screenplay by),
756,Kay Nguyen,0.98
757,Aaron Mirtes,2.188
758,Ryan Staples Scott,0.6
759,Dennis Clancey,
760,Antonio Gamarra,0.6
761,Juanfran López (idea),
762,David Axe,1.4
763,Ryô Higaki,1.532
764,Michiko Yokote,4.274
765,Hiroyuki Yoshino,4.061
766,Julien Ivanowich,0.6
767,Matondo Kiantandu,0.6
768,Paul Greengrass,3.31
769,Luke Davies,1.4
770,Paulette Jiles,0.6
771,Shuny Bee,0.6
772,Jose C. Lima,
773,Lim Jihwan,0.6
774,Tavares M. Wilson,0.6
775,Madison Traub,
776,Iki Ènèng,0.6
777,Yash Raj Dhiman,
778,Venky Kudumula,0.6
779,Cassandra Salazar,0.6
780,Gabriel Soriano,0.652
781,Giddens Ko,1.686
782,Takehiko Hata,0.6
783,Masahiro Yamaura,1.4
784,Tae-Yun Kim,0.6
785,John Butera,
786,Bella DiMartini,0.6
787,Eddie Rocky Rivera,
788,Fatih Mutlu,0.6
789,Eric Arnold,0.6
790,David Gattis,
791,Dmitry Kornienko,
792,Cherryyoko,0.6
793,Samson Sun,1.38
794,Jesse van Olderen,
795,Larry Leahy,0.6
796,Tito da Costa,0.6
797,Ben Mole,1.4
798,Yunpeng Xie,1.606
799,Fendou Liu,1.429
800,Ning Wen,1.4
801,Paul Collett,0.6
802,Pharoah Powell,0.6
803,Matthew E. Chausse,1.4
804,Liam O'Donnell,2.588
805,Abu Aleeha,0.98
806,Ant Horasanli,0.6
807,Reza Sholeh,0.7
808,Ammith Rao,0.6
809,David Ayer,7.892
810,Alex Litvak,1.951
811,Andrew Green,1.4
812,Austin Winsberg,1.102
813,Christopher Sakr,0.6
814,Jorge Lara,0.6
815,Fernando Pérez,1.176
816,Pratyush Sharma,0.6
817,Mischa Alexander,0.6
818,Boudewijn Rosenmuller (creator),
819,Jochum ten Haaf,3.975
820,Oscar van Woensel (creator),
821,Oscar van Woensel,1.4
822,Vincent van Zelm,
823,Evgeniy Mishukhin,
824,Eknath Desale,
825,Guillaume Pierret,0.6
826,Alban Lenoir,14.651
827,Kamel Guemra,0.6
828,David Murdoch,0.6
829,Svet Rouskov,1.4
830,Joe Russo,8.365
831,Chris LaMont,1.4
832,Clayton Haugen,0.6
833,Brian Duffield,1.614
834,Matthew Robinson,1.259
835,P.G. Cuschieri,
836,Jess Norvisgaard,0.6
837,Anders Ølholm,0.833
838,Frederik Louis Hviid,1.62
839,Robert Strawder,0.6
840,Li Nan,0.6
841,Ashley Love,0.6
842,Sergey A.,0.6
843,Sergey Newnoir,
844,Mikhail Ryabkov,0.6
845,Joseph Horning,0.6
846,Svitlana Lykhatska,0.6
847,Andrey Nikiforov,0.6
848,Tony London,0.732
849,Cheryl Neve,0.828
850,Christopher Forbes,2.188
851,Tyler W. Konney,1.512
852,Richard Switzer,0.6
853,Andrew Lawrence,12.15
854,Yuan Chun,0.6
855,Frederick R. Perro III,
856,Alex Martinez,1.388
857,Emmanuel Vasquez (collaborating writer),
858,Emmanuel Vasquez (story editor),
859,Patty Jenkins,7.809
860,Geoff Johns,5.293
861,Dave Callaham,6.815
862,Erick De La Rosa,
863,Caleb G. Brown,0.6
864,Shea Sizemore,1.4
865,Sujeewa Priyalal,1.009
866,Steven Murphy,0.6
867,Arnuparp Anuwongsang,
868,Ben Johnson Jr.,0.6
869,Kiattisak Sriranosung,
870,Wang Shaowei,1.694
871,Caleb Lisitsin,0.6
872,Aiden Gale,0.6
873,Adam Corey,0.6
874,Ryûshô Kadota,0.6
875,Yoichi Maekawa,0.6
876,Sarah Rothschild,1.532
877,Ákos Inotay,1.4
878,Mark Kis-Szabo,0.6
879,Balázs Lóth,0.6
880,Esteban Martinez,0.6
881,Tao Chen,0.6
882,Huan Liu,0.6
883,BC Fourteen,3.576
884,Christopher Maitland (Writer),
885,Andy Rodriguez,0.6
886,Belén Orsini,1.4
887,Paul Knight,1.4
888,Terry Spears,0.6
889,Javad Safaee,
890,Bernardo Arellano,1.4
891,John Oak Dalton,1.22
892,Christina Hodson,6.754
893,Paul Dini,3.731
894,Bruce Timm,4.64
895,Michael Milillo,0.6
896,Aleks Alifirenko Jr.,0.6
897,Justin Mouton,
898,Michael Farr,0.6
899,Harsha Udakanda (screenplay),
900,Yang Binyao,0.6
901,Gurpreet Bhullar,0.6
902,Prem Saxena,
903,Men Sun,
904,Edward Drake,2.376
905,Corey Large,6.228
906,Larry Dela Cruz,
907,Vincent Soberano,0.98
908,Wych Kaosayananda,0.804
909,Dong Jing,0.6
910,Zhao Minglei,
911,Nabwana I.G.G.,3.559
912,Emmanuel Cavallo,0.6
913,Clément Chevalier,0.6
914,Claudia De Angelis,0.828
915,Ludovico Di Martino,1.4
916,Andrea Paris,0.6
917,Michael Osuji,
918,Vinoth Rajendran,0.6
919,Vadim Shmelyov,2.744
920,Igor Ugolnikov,4.316
921,Scott Windhauser,1.708
922,B.L. Venu,
923,Dimeji Ajibola,0.6
924,Jack Dalton,0.6
925,Sammie Dibbern,
926,Quoc Bao Tran,1.4
927,Jeff Hand,0.84
928,Mark Toia,0.6
929,Chris Hoyt,1.614
930,John Smith Kabashi,2.744
931,Fahad Olayan,0.6
932,Catherine Steveley,
933,Andre Welsh,0.6
934,Ranjeet Bahadur,0.6
935,A.R. Murugadoss,1.214
936,Tejas Dhhanraj,
937,Ankush Singh,
938,Craig Robert Bruss,0.6
939,Akira Hiyama,1.566
940,Kinoko Nasu,2.797
941,Frank Deniro (Head writer),
942,Natalie Danzinger,
943,Roman Padiwy,
944,Micah Ranum,0.98
945,Jessie Kerry,0.6
946,Sainu Chavakkadan,
947,Anisa Olaniyioke (Writer),
948,Sandip Chowdhury,
949,Chris Randell,
950,Thomas Cavaillon,
951,Loïc Ollier,
952,Won-Chan Hong,2.513
953,Sierra Rivers,
954,Seth Beckson,
955,X.R. Chavez,
956,Charlie Diggens,
957,Sean Kenealy,0.6
958,Eric Silvera,0.6
959,Lucinda Whiteley,0.6
960,Stan Vang,
961,Steve Vang,
962,Wilson Vang,
963,Ananth Shine,
964,David Edgemon,0.6
965,Xiang Chen,0.6
966,Lu Yang,3.063
967,Mathieu Cailliere,1.4
968,Sébastien Petitjean,0.6
969,Jérémy Vazzoli,0.6
970,Kenny Basumatary,0.98
971,ItsCole,
972,Rishav Bhattacharya,0.6
973,K. Muralikrishna,
974,Rick T. Foster,
975,Karl Gajdusek,3.796
976,Rick Remender,1.475
977,Greg Tocchini,0.6
978,Jesse V. Johnson,2.416
979,Stu Small,2.188
980,Joe Russo,8.365
981,Ande Parks,0.6
982,Anthony Russo,5.138
983,Evan Allen,0.6
984,Fausto Toribio,
985,Kevin Ang,0.6
986,Reese Eveneshen,0.6
987,Gabriel Carrer,0.6
988,Vicki Wong,0.6
989,Michael Murphy,8.871
990,Stephanie Simpson,1.96
991,Nehesh Poll,0.6
992,Praveen Rana,
993,K.C. Bokadia,0.98
994,Hari Kumar,0.6
995,P.V. Nambi Rajan,
996,Marc O. Seng,1.62
997,Chris Effan,
998,Sean O'Keefe,0.6
999,Brian Helgeland,3.677
1000,Robert B. Parker,0.692
1001,Denis Kryuchkov,0.98
1002,Olga Loyanich,1.4
1003,Robert Orr,1.533
1004,Sheila Cowley,
1005,Nakyeyune Judith,
1006,Adam Boster,0.84
1007,Brice M. Spencer,
1008,Yuya Takahashi,1.258
1009,Jing Wong,8.333
1010,Koon-Nam Lui,1.4
1011,Kin-Hung Chan,
1012,Vi Anand,0.6
1013,Vijay Kamisetty,0.6
1014,Abburi Ravi,0.6
1015,Lewis Millard,
1016,Thomas Shapiro,0.6
1017,Nguyen Nguyen Hoang,0.6
1018,Nguyen Khac Huy,0.6
1019,Yôichi Matsumoto,0.84
1020,Christopher Miles,0.84
1021,Prakash Kapadia,1.052
1022,Om Raut,0.6
1023,Kirti Deghatak,
1024,Tom Hanks,34.853
1025,C.S. Forester,6.138
1026,Li Liang,1.4
1027,Abhijeet Shirish Deshpande,0.6
1028,Atul Sabharwal,0.6
1029,Rey Cantu,
1030,Kenya Hendricks,0.6
1031,J.D. Helmick,
1032,Steve Lowry,0.6
1033,Tony Mendoza,0.6
1034,Addison Barton (story by),
1035,Curtis Everitt (screenplay),
1036,Jeremy Hammack (story by),
1037,Nick Cuse,1.214
1038,Damon Lindelof,2.976
1039,Carmen Ballesteros,
1040,Jose Magan,0.655
1041,Pedro Santamaría,
1042,Rick Mordecon (screenplay),
1043,Phoenix8,
1044,Mark Haynes,0.6
1045,Hark Tsui,7.948
1046,Junzi Wei,0.6
1047,Shaofei Xu,
1048,Kumo Kagyu,0.6
1049,Hideyuki Kurata,1.167
1050,Raa Marchant (screenplay),
1051,Vishal Hari,
1052,Dirk Ahner,1.4
1053,Jason Campbell,0.84
1054,Trey Batchelor,1.214
1055,Danny Cotton,0.6
1056,Matt Long,8.725
1057,Robert Benjamin,0.6
1058,Greg Hall,0.84
1059,George Russo,2.887
1060,Michael Olmo,3.767
1061,Jacob Kyle Young,1.4
1062,Deborah Cardona,
1063,Mike Disa,1.96
1064,Micah Lyons,0.6
1065,Faruk Kabir,0.6
1066,Morris D. Small,0.828
1067,Will Evans,0.6
1068,T?ant Lavish (created by),
1069,Tommy Blaze,1.407
1070,Steven Keller,0.6
1071,Gabriel Sabloff,0.98
1072,John Ridley,2.136
1073,Sarah Smith,3.231
1074,Alec T.,0.6
1075,Justin T.,0.6
1076,Matthew V.,1.62
1077,Aidan Walsh,
1078,ManikandanPriya,2.188
1079,Yi Shi Bing Wang,
1080,Mauro Borrelli,0.6
1081,Sean Wathen,0.98
1082,Nalaka Withange (screenplay),
1083,Cece Mlay,0.6
1084,Aanand Lonkar,0.6
1085,Ram Ally K.,0.6
1086,Kinder Singh,0.6
1087,Jeremy M. Inman,0.731
1088,Kabilan Vairamuthu,0.6
1089,Andrew Gilbert,0.6
1090,Arhaan,0.6
1091,Tammareddy Bharadwaja,0.764
1092,Nagendra Kasi,0.6
1093,Karuna Kumar,0.6
1094,Landon Hofer (creator),
1095,Sam Robocker,
1096,Marc Price,2.478
1097,Sima Agarwal,0.6
1098,Yash Keswani,0.6
1099,James LeBreton,
1100,Yoon Sunghyun,1.298
1101,Jass Grewal,0.6
1102,Anooj Kumar Sareen,
1103,Prince Kanwaljit Singh,1.094
1104,Tite Kubo,4.886
1105,Chika Suzumura,0.656
1106,Pete Bollinger,
1107,Joe A. Castro Jr.,
1108,Eric Rafael Ibarra,
1109,Dylan McKay,0.6
1110,Brandon Morgan,0.6
1111,Mac Jolly,0.6
1112,Álex López,0.6
1113,Manuel Fernández,0.6
1114,José Gonzalez,0.6
1115,Mohana Krishna Indraganti,0.6
1116,Kazi Hayat,3.842
1117,Curtis Everitt,0.6
1118,Jeremy Hammack,
1119,Collins Uzowulu,
1120,Bogdan George Apetri,0.6
1121,Iulian Postelnicu,0.608
1122,Ana Banduka,0.6
1123,Arthur J. Mangano,
1124,Naga Shaurya,1.96
1125,Ramana Teja,0.6
1126,Phanindra Bikkina,
1127,Mickulus A Rubin,
1128,Chae Yeojoon,1.819
1129,Lim Yeong-ju,
1130,Kevin Lukata,0.98
1131,R.L. Scott,2.066
1132,BC Fourteen,3.576
1133,Nicole M. Brevard (screenplay),
1134,Srikanth,1.646
